{"_class":"page","do_objectID":"6C71518A-8AF4-42EA-8C54-E3CB5D7A1583","booleanOperation":-1,"isFixedToViewport":false,"isFlippedHorizontal":false,"isFlippedVertical":false,"isLocked":false,"isVisible":true,"layerListExpandedType":0,"name":"Page 3","nameIsFixed":true,"resizingConstraint":63,"resizingType":0,"rotation":0,"shouldBreakMaskChain":false,"exportOptions":{"_class":"exportOptions","includedLayerIds":[],"layerOptions":0,"shouldTrim":false,"exportFormats":[]},"frame":{"_class":"rect","constrainProportions":true,"height":0,"width":0,"x":0,"y":0},"clippingMaskMode":0,"hasClippingMask":false,"style":{"_class":"style","do_objectID":"A7C29CA7-5F01-4FE1-9388-46A350D8661C","endMarkerType":0,"miterLimit":10,"startMarkerType":0,"windingRule":1,"blur":{"_class":"blur","isEnabled":false,"center":"{0.5, 0.5}","motionAngle":0,"radius":10,"saturation":1,"type":0},"borderOptions":{"_class":"borderOptions","isEnabled":true,"dashPattern":[],"lineCapStyle":0,"lineJoinStyle":0},"borders":[],"colorControls":{"_class":"colorControls","isEnabled":false,"brightness":0,"contrast":1,"hue":0,"saturation":1},"contextSettings":{"_class":"graphicsContextSettings","blendMode":0,"opacity":1},"fills":[],"innerShadows":[],"shadows":[]},"hasClickThrough":true,"groupLayout":{"_class":"MSImmutableFreeformGroupLayout"},"layers":[{"_class":"artboard","do_objectID":"37CF2B2F-42D3-4E45-B954-F82FC2A99503","booleanOperation":-1,"isFixedToViewport":false,"isFlippedHorizontal":false,"isFlippedVertical":false,"isLocked":false,"isVisible":true,"layerListExpandedType":0,"name":"Artboard","nameIsFixed":false,"resizingConstraint":63,"resizingType":0,"rotation":0,"shouldBreakMaskChain":true,"exportOptions":{"_class":"exportOptions","includedLayerIds":[],"layerOptions":0,"shouldTrim":false,"exportFormats":[]},"frame":{"_class":"rect","constrainProportions":false,"height":768,"width":768,"x":310,"y":204},"clippingMaskMode":0,"hasClippingMask":false,"style":{"_class":"style","do_objectID":"929735DB-352A-4E27-99B0-7B91F45E1A0A","endMarkerType":0,"miterLimit":10,"startMarkerType":0,"windingRule":1,"blur":{"_class":"blur","isEnabled":false,"center":"{0.5, 0.5}","motionAngle":0,"radius":10,"saturation":1,"type":0},"borderOptions":{"_class":"borderOptions","isEnabled":true,"dashPattern":[],"lineCapStyle":0,"lineJoinStyle":0},"borders":[],"colorControls":{"_class":"colorControls","isEnabled":false,"brightness":0,"contrast":1,"hue":0,"saturation":1},"contextSettings":{"_class":"graphicsContextSettings","blendMode":0,"opacity":1},"fills":[],"innerShadows":[],"shadows":[]},"hasClickThrough":true,"groupLayout":{"_class":"MSImmutableFreeformGroupLayout"},"layers":[{"_class":"text","do_objectID":"BA26E5E2-2F5A-4A98-A734-3F3DD29D1A92","booleanOperation":-1,"isFixedToViewport":false,"isFlippedHorizontal":false,"isFlippedVertical":false,"isLocked":false,"isVisible":true,"layerListExpandedType":0,"name":"Movemeback Design Sy","nameIsFixed":false,"resizingConstraint":47,"resizingType":0,"rotation":0,"shouldBreakMaskChain":false,"exportOptions":{"_class":"exportOptions","includedLayerIds":[],"layerOptions":0,"shouldTrim":false,"exportFormats":[]},"frame":{"_class":"rect","constrainProportions":false,"height":76,"width":269,"x":81.5,"y":76},"clippingMaskMode":0,"hasClippingMask":false,"style":{"_class":"style","do_objectID":"7CECC41A-42E6-4E24-B0C8-2C80A94819C4","endMarkerType":0,"miterLimit":10,"startMarkerType":0,"windingRule":1,"blur":{"_class":"blur","isEnabled":false,"center":"{0.5, 0.5}","motionAngle":0,"radius":10,"saturation":1,"type":0},"borderOptions":{"_class":"borderOptions","isEnabled":true,"dashPattern":[],"lineCapStyle":0,"lineJoinStyle":0},"borders":[],"colorControls":{"_class":"colorControls","isEnabled":false,"brightness":0,"contrast":1,"hue":0,"saturation":1},"contextSettings":{"_class":"graphicsContextSettings","blendMode":0,"opacity":1},"fills":[],"innerShadows":[],"shadows":[],"textStyle":{"_class":"textStyle","encodedAttributes":{"MSAttributedStringFontAttribute":{"_class":"fontDescriptor","attributes":{"name":"OpenSans-Regular","size":24}},"MSAttributedStringColorAttribute":{"_class":"color","alpha":1,"blue":0.06666666666666667,"green":0.06666666666666667,"red":0.06666666666666667},"textStyleVerticalAlignmentKey":0,"paragraphStyle":{"_class":"paragraphStyle","allowsDefaultTighteningForTruncation":0,"alignment":0},"kerning":0},"verticalAlignment":0}},"attributedString":{"_class":"attributedString","string":"Movemeback\nDesign System v3","attributes":[{"_class":"stringAttribute","location":0,"length":10,"attributes":{"MSAttributedStringFontAttribute":{"_class":"fontDescriptor","attributes":{"name":"OpenSans-Regular","size":24}},"MSAttributedStringColorAttribute":{"_class":"color","alpha":1,"blue":0.06666666666666667,"green":0.06666666666666667,"red":0.06666666666666667},"textStyleVerticalAlignmentKey":0,"paragraphStyle":{"_class":"paragraphStyle","allowsDefaultTighteningForTruncation":0,"alignment":0},"kerning":0}},{"_class":"stringAttribute","location":10,"length":1,"attributes":{"MSAttributedStringFontAttribute":{"_class":"fontDescriptor","attributes":{"name":"OpenSans-SemiBold","size":24}},"MSAttributedStringColorAttribute":{"_class":"color","alpha":1,"blue":0.06666666666666667,"green":0.06666666666666667,"red":0.06666666666666667},"textStyleVerticalAlignmentKey":0,"paragraphStyle":{"_class":"paragraphStyle","allowsDefaultTighteningForTruncation":0,"alignment":0},"kerning":0}},{"_class":"stringAttribute","location":11,"length":16,"attributes":{"MSAttributedStringFontAttribute":{"_class":"fontDescriptor","attributes":{"name":"OpenSans-SemiBold","size":32}},"MSAttributedStringColorAttribute":{"_class":"color","alpha":1,"blue":0.06666666666666667,"green":0.06666666666666667,"red":0.06666666666666667},"textStyleVerticalAlignmentKey":0,"paragraphStyle":{"_class":"paragraphStyle","allowsDefaultTighteningForTruncation":0,"alignment":0},"kerning":0}}]},"automaticallyDrawOnUnderlyingPath":false,"dontSynchroniseWithSymbol":false,"glyphBounds":"{{2, 7}, {265, 68}}","lineSpacingBehaviour":3,"textBehaviour":0}],"hasBackgroundColor":true,"includeBackgroundColorInExport":true,"includeInCloudUpload":true,"isFlowHome":false,"presetDictionary":{},"resizesContent":false,"backgroundColor":{"_class":"color","alpha":1,"blue":0.9647058823529412,"green":0.9568627450980391,"red":0.9529411764705882,"swatchID":"941373B8-39D0-4ED3-A2A7-34C316054B76"},"horizontalRulerData":{"_class":"rulerData","base":0,"guides":[]},"verticalRulerData":{"_class":"rulerData","base":0,"guides":[]}}],"includeInCloudUpload":true,"horizontalRulerData":{"_class":"rulerData","base":0,"guides":[]},"verticalRulerData":{"_class":"rulerData","base":0,"guides":[]}}