{"0":{"_class":"MSAttributedStringKey","size":"{269, 76}","string":{"_class":"attributedString","string":"Movemeback\nDesign System v3","attributes":[{"_class":"stringAttribute","location":0,"length":10,"attributes":{"MSAttributedStringFontAttribute":{"_class":"fontDescriptor","attributes":{"name":"OpenSans-Regular","size":24}},"MSAttributedStringColorAttribute":{"_class":"color","alpha":1,"blue":0.06666666666666667,"green":0.06666666666666667,"red":0.06666666666666667},"textStyleVerticalAlignmentKey":0,"paragraphStyle":{"_class":"paragraphStyle","allowsDefaultTighteningForTruncation":0,"alignment":0},"kerning":0}},{"_class":"stringAttribute","location":10,"length":1,"attributes":{"MSAttributedStringFontAttribute":{"_class":"fontDescriptor","attributes":{"name":"OpenSans-SemiBold","size":24}},"MSAttributedStringColorAttribute":{"_class":"color","alpha":1,"blue":0.06666666666666667,"green":0.06666666666666667,"red":0.06666666666666667},"textStyleVerticalAlignmentKey":0,"paragraphStyle":{"_class":"paragraphStyle","allowsDefaultTighteningForTruncation":0,"alignment":0},"kerning":0}},{"_class":"stringAttribute","location":11,"length":16,"attributes":{"MSAttributedStringFontAttribute":{"_class":"fontDescriptor","attributes":{"name":"OpenSans-SemiBold","size":32}},"MSAttributedStringColorAttribute":{"_class":"color","alpha":1,"blue":0.06666666666666667,"green":0.06666666666666667,"red":0.06666666666666667},"textStyleVerticalAlignmentKey":0,"paragraphStyle":{"_class":"paragraphStyle","allowsDefaultTighteningForTruncation":0,"alignment":0},"kerning":0}}]},"styleID":"7CECC41A-42E6-4E24-B0C8-2C80A94819C4"},"frames":{"BA26E5E2-2F5A-4A98-A734-3F3DD29D1A92":{"_class":"NSValue","type":"rect","value":"{81.5, 76, 269, 76}"}}}