{"_class":"document","do_objectID":"CC78311C-321B-4231-8AC7-4D1797470368","colorSpace":0,"currentPageIndex":0,"assets":{"_class":"assetCollection","do_objectID":"DB86DC77-4572-49BB-B809-2C79ECA6F479","images":[],"colorAssets":[],"exportPresets":[],"gradientAssets":[],"imageCollection":{"_class":"imageCollection","images":{}},"colors":[],"gradients":[]},"fontReferences":[{"_class":"fontReference","do_objectID":"256F505A-F021-4FCF-9D62-EC1787681484","fontFamilyName":"Open Sans","fontFileName":"OpenSans-ExtraBoldItalic.ttf","options":0,"postscriptNames":["OpenSans-ExtraBoldItalic"]},{"_class":"fontReference","do_objectID":"353ED5E9-8DDF-43F1-8630-7E13F4B82F6F","fontFamilyName":"Open Sans","fontFileName":"OpenSans-Light.ttf","options":0,"postscriptNames":["OpenSans-Light"]},{"_class":"fontReference","do_objectID":"5009F78D-F8B2-4C87-B8EE-16D58F92D5BE","fontFamilyName":"Open Sans","fontFileName":"OpenSans-BoldItalic.ttf","options":0,"postscriptNames":["OpenSans-BoldItalic"]},{"_class":"fontReference","do_objectID":"562A110E-4CFB-47CA-B2F3-DB2B560D00B7","fontFamilyName":"Open Sans","fontFileName":"OpenSans-SemiBoldItalic.ttf","options":0,"postscriptNames":["OpenSans-SemiBoldItalic"]},{"_class":"fontReference","do_objectID":"598DA6AE-592F-4A2E-8592-4D83D5236304","fontFamilyName":"Open Sans","fontFileName":"OpenSans-SemiBold.ttf","options":2,"postscriptNames":["OpenSans-SemiBold"]},{"_class":"fontReference","do_objectID":"A3746DD8-9800-4C6A-9B49-A8FD3238FA95","fontFamilyName":"Open Sans","fontFileName":"OpenSans-ExtraBold.ttf","options":0,"postscriptNames":["OpenSans-ExtraBold"]},{"_class":"fontReference","do_objectID":"C2E536D1-4B35-4FB8-9FD5-D7BD6AE63160","fontFamilyName":"Open Sans","fontFileName":"OpenSans-Italic.ttf","options":0,"postscriptNames":["OpenSans-Italic"]},{"_class":"fontReference","do_objectID":"D5DB3120-DDFC-45DB-8A0B-4C18AA93AF30","fontFamilyName":"Open Sans","fontFileName":"OpenSans-LightItalic.ttf","options":0,"postscriptNames":["OpenSans-LightItalic"]},{"_class":"fontReference","do_objectID":"E13837EF-AA2C-49D1-8499-969D44B5858A","fontFamilyName":"Open Sans","fontFileName":"OpenSans-Regular.ttf","options":2,"postscriptNames":["OpenSans-Regular"]},{"_class":"fontReference","do_objectID":"E756E6D5-9C84-45AD-9829-27FAEA45930F","fontFamilyName":"Open Sans","fontFileName":"OpenSans-Bold.ttf","options":0,"postscriptNames":["OpenSans-Bold"]}],"foreignLayerStyles":[],"foreignSwatches":[{"_class":"MSImmutableForeignSwatch","do_objectID":"912070ED-1EF2-4ABD-AEB1-E6BA505E9177","libraryID":"1ABC1EB6-DA88-4A3C-A7C3-C3670C1FBC1D","sourceLibraryName":"LIB_Colours","symbolPrivate":false,"remoteSwatchID":"04272603-4CF2-4603-A700-F29814B15F3F","localSwatch":{"_class":"swatch","do_objectID":"941373B8-39D0-4ED3-A2A7-34C316054B76","name":"Page & Text \/ Page background","value":{"_class":"color","alpha":1,"blue":0.9647058823529412,"green":0.9568627450980391,"red":0.9529411764705882}}}],"foreignSymbols":[],"foreignTextStyles":[],"layerStyles":{"_class":"sharedStyleContainer","do_objectID":"D681C9D7-99D1-4F7F-8CB8-74C01EE9D6EF","objects":[]},"layerSymbols":{"_class":"symbolContainer","do_objectID":"1F23D43C-3652-41F6-9C11-645C9A044854","objects":[]},"layerTextStyles":{"_class":"sharedTextStyleContainer","do_objectID":"F9C56A8C-8605-4A8B-B10A-2504D496D274","objects":[]},"pages":[{"_class":"MSJSONFileReference","_ref_class":"MSImmutablePage","_ref":"pages\/6C71518A-8AF4-42EA-8C54-E3CB5D7A1583"}],"sharedSwatches":{"_class":"swatchContainer","do_objectID":"7683F00A-CFD6-4AFB-98CD-99A787552004","objects":[]},"documentState":{"_class":"documentState"}}