{"commit":"794fcbc75f3cb4da92c1ed9169bf7673a0d11f04","pagesAndArtboards":{"6C71518A-8AF4-42EA-8C54-E3CB5D7A1583":{"name":"Page 3","artboards":{"37CF2B2F-42D3-4E45-B954-F82FC2A99503":{"name":"Artboard"}}}},"version":134,"fonts":["OpenSans-Regular","OpenSans-SemiBold"],"compatibilityVersion":99,"app":"com.bohemiancoding.sketch3","autosaved":0,"variant":"NONAPPSTORE","created":{"commit":"794fcbc75f3cb4da92c1ed9169bf7673a0d11f04","appVersion":"70.3","build":109109,"app":"com.bohemiancoding.sketch3","compatibilityVersion":99,"version":134,"variant":"NONAPPSTORE"},"saveHistory":["NONAPPSTORE.109109"],"appVersion":"70.3","build":109109}